Symbol,Series,Date,Prev Close,Open Price,High Price,Low Price,Last Price,Close Price,Average Price,Total Traded Quantity,Turnover,No. of Trades
BSE,EQ,31-Mar-20,290.45,297,301.55,293.25,296.15,296.8,296.75,237755,70553141.5,6559
BSE,EQ,01-Apr-20,296.8,296.4,299.85,292.1,295.95,295.9,295.98,124539,36860880.35,5426
BSE,EQ,03-Apr-20,295.9,298,299,288.9,298.35,297,294.21,97165,28587142.75,4402
BSE,EQ,07-Apr-20,297,307,312.95,302.3,304.9,306,305.49,272019,83100213.5,10497
BSE,EQ,08-Apr-20,306,306,321.3,302.7,316,315.65,314.07,274750,86290470.2,12383
BSE,EQ,09-Apr-20,315.65,323.85,333.7,317,330,330.3,325.85,351179,114432008.5,14130
BSE,EQ,13-Apr-20,330.3,339,339,320.2,329,330.6,330.52,222871,73662243.2,8516
BSE,EQ,15-Apr-20,330.6,334.5,345,331.05,338.05,336.55,338.7,269820,91388416.3,11544
BSE,EQ,16-Apr-20,336.55,337,369,335.25,367,362,352.28,270177,95177701.3,11000
BSE,EQ,17-Apr-20,362,375,389,365,383.95,386.15,378.13,358337,135497026.5,14619
BSE,EQ,20-Apr-20,386.15,386.15,392.35,375,377.35,377.85,379.57,188554,71569420.55,8102
BSE,EQ,21-Apr-20,377.85,370,370,358.25,363.05,365.05,363.57,126899,46137018.4,5243
BSE,EQ,22-Apr-20,365.05,360,368.75,355,364.1,365.2,362,99230,35921080.45,4791
BSE,EQ,23-Apr-20,365.2,367.2,375.7,365.55,369,369.65,371.72,104412,38812522.3,4838
BSE,EQ,24-Apr-20,369.65,366,366.65,358.25,359.15,359.05,360.3,125140,45087941.9,3601
BSE,EQ,27-Apr-20,359.05,364.7,368.2,361.35,364.5,364.8,364.82,74821,27295887.15,2663
BSE,EQ,28-Apr-20,364.8,367.1,376.9,360.5,371.05,370.2,368.21,235437,86691134.85,8340
BSE,EQ,29-Apr-20,370.2,373,382.35,371,375.6,377.55,378.85,152834,57901784.45,4851
BSE,EQ,30-Apr-20,377.55,382.75,408,381.65,390.55,390.75,397.54,719586,286061566.4,24636
BSE,EQ,04-May-20,390.75,385,386,373,379,378.6,379.17,153363,58150306.85,6757
BSE,EQ,05-May-20,378.6,384,390,375,378.5,376.4,382.85,196038,75052779.25,5753
BSE,EQ,06-May-20,376.4,378,384,371.6,381.5,381.15,379.62,95272,36167477.95,4257
BSE,EQ,07-May-20,381.15,380,387.75,378.7,386,386.05,384.26,96287,36999403.95,3570
BSE,EQ,08-May-20,386.05,387.95,394,381.1,383.5,383.8,386.35,91195,35233027.7,2995
BSE,EQ,11-May-20,383.8,389.7,394,385,389.45,388.45,389.33,138289,53840719.1,8838
BSE,EQ,12-May-20,388.45,385,387,376.85,380,380.95,381.24,103420,39427584.55,5335
BSE,EQ,13-May-20,380.95,396,419,383.2,411.8,412,400.01,374713,149890398.7,10178
BSE,EQ,14-May-20,412,400.75,425.15,398.2,415,416.9,412.22,315547,130075329.8,9639
BSE,EQ,15-May-20,416.9,416.9,439.85,411,427.9,427.15,429.66,463600,199191980.8,22201
BSE,EQ,18-May-20,427.15,425.1,438.4,410.1,429.2,430,424.54,335640,142491388.7,10073
BSE,EQ,19-May-20,430,430,462.9,430,452.4,448.8,448.84,601057,269780581.9,17360
BSE,EQ,20-May-20,448.8,451.5,459.9,443.25,448.4,446.9,449.76,189608,85277695.3,7380
BSE,EQ,21-May-20,446.9,440.5,452,429,434.45,433.25,442.78,142032,62888689.3,5335
BSE,EQ,22-May-20,433.25,415,420,393.5,394.5,396.6,402.16,544827,219106936.7,17714
BSE,EQ,26-May-20,396.6,394.95,398.5,385.05,386.3,387.5,391.76,178954,70107540,6894
BSE,EQ,27-May-20,387.5,385,395.5,380,393,390,387,181468,70227291.75,6624
BSE,EQ,28-May-20,390,391.3,402,391.3,395.6,395.75,397.7,138208,54964792.5,5533
BSE,EQ,29-May-20,395.75,392.1,404.95,373.1,375.05,377.9,384.13,333076,127945272.8,12032
BSE,EQ,01-Jun-20,377.9,382,390.4,380.2,386,385.85,386.64,210121,81240667,7072
BSE,EQ,02-Jun-20,385.85,388,395,386,391.55,390.75,391.22,140386,54921920.45,4187
BSE,EQ,03-Jun-20,390.75,396.55,401.7,390.75,393,393.1,397.14,172617,68552280.4,5449
BSE,EQ,04-Jun-20,393.1,394.45,396.45,385.15,390.15,390.8,389.8,118043,46013536.9,4706
BSE,EQ,05-Jun-20,390.8,391.15,413.5,391.15,406,408.55,402.51,229307,92297415.15,6178
BSE,EQ,08-Jun-20,408.55,409.2,416.6,394.2,397.75,397.9,406.81,203523,82794765.15,8006
BSE,EQ,09-Jun-20,397.9,398,410,392.4,397,396.15,398.84,123798,49375927.7,5808
BSE,EQ,10-Jun-20,396.15,397.1,402,393,398.75,397.8,396.95,70796,28102372.1,2584
BSE,EQ,11-Jun-20,397.8,391.3,398.95,391.3,393.1,394.05,394.87,72375,28578477.7,2513
BSE,EQ,12-Jun-20,394.05,385,394,381.55,392.15,390.15,387.27,107215,41521595.25,3705
BSE,EQ,15-Jun-20,390.15,390.15,396,387,388.8,387.95,390.09,75061,29280812.6,4050
BSE,EQ,16-Jun-20,387.95,395,398.05,384,389,390.7,390.08,91824,35818637.55,4238
BSE,EQ,17-Jun-20,390.7,387.2,394,385.25,386.5,387.25,388.25,83206,32304781.1,3856
BSE,EQ,18-Jun-20,387.25,388,410,386.9,408,405.65,399.51,199769,79809834.95,5064
BSE,EQ,19-Jun-20,405.65,409,422.5,407,414,412.9,415.59,286298,118983037.5,7265
BSE,EQ,22-Jun-20,412.9,417,424,414,424,420.75,418.66,157688,66017082.8,4563
BSE,EQ,23-Jun-20,420.75,504.8,504.8,456,461.8,460.4,468.23,1784676,835640776.9,44789
BSE,EQ,24-Jun-20,460.4,463.9,468.6,450.05,453.45,453.3,458.14,409153,187448325.3,10982
BSE,EQ,25-Jun-20,453.3,441,462.9,441,459.7,459.85,456.14,244551,111549088.6,7643
BSE,EQ,26-Jun-20,459.85,462,464.05,450.5,454.25,453.2,457.25,157817,72161215.3,5582
BSE,EQ,29-Jun-20,453.2,453.2,462.2,436.5,456.5,453,446.23,206192,92008470.45,6581
BSE,EQ,30-Jun-20,453,459.9,460,442.05,444.3,443.75,450.97,187851,84715073.65,7613
BSE,EQ,01-Jul-20,443.75,440.5,478,440.5,470,471.85,464.82,532852,247682550,14869
BSE,EQ,02-Jul-20,471.85,476,478.85,465.35,473,473.55,472.64,272541,128814360.2,8646
BSE,EQ,03-Jul-20,473.55,473,480,466.3,469.25,469.85,472.82,173539,82052504.95,5179
BSE,EQ,06-Jul-20,469.85,475,488.45,472.1,480.05,481.4,479.52,294248,141096876.9,6828
BSE,EQ,07-Jul-20,481.4,482,504,476.5,501,500.4,494.53,882712,436528284.3,25207
BSE,EQ,08-Jul-20,500.4,505,509.95,497.4,497.4,499.9,501.96,414748,208186067.1,10861
BSE,EQ,09-Jul-20,499.9,500,529.95,496,520,523.6,517.53,812615,420548944.7,20685
BSE,EQ,10-Jul-20,523.6,520,520,501,502.9,502.9,508.65,313252,159335674.9,16335
BSE,EQ,13-Jul-20,502.9,505.2,514.4,503,505,504.75,508.71,207335,105473294.3,6076
BSE,EQ,14-Jul-20,504.75,500.1,504,487,492.8,491.7,494.43,198237,98015184.75,6172
BSE,EQ,15-Jul-20,491.7,495,510.75,495,500,499.45,502.54,197209,99105370.7,5908
BSE,EQ,16-Jul-20,499.45,503.25,503.25,492,492.3,492.9,496.56,152669,75810009.35,5173
BSE,EQ,17-Jul-20,492.9,493.6,509.7,493.6,507.05,506.75,504.27,164535,82970144.8,4702
BSE,EQ,20-Jul-20,506.75,510,523,508.25,520.3,519.65,517.51,387542,200555921.7,9879
BSE,EQ,21-Jul-20,519.65,520.1,531.7,513,518.55,519,521.87,308848,161178018.7,8012
BSE,EQ,22-Jul-20,519,496.3,521.9,496.3,505.9,506.8,506.5,223041,112970061.5,7063
BSE,EQ,23-Jul-20,506.8,505,508.45,501,503,503.45,504.42,122958,62022791.75,3383
BSE,EQ,24-Jul-20,503.45,506.1,509,488,493.9,493.3,496.82,222953,110767451,6570
BSE,EQ,27-Jul-20,493.3,495,558.7,482,507.75,512,529.51,2437735,1290810128,64310
BSE,EQ,28-Jul-20,512,511.9,519.4,496,507.2,506.85,510.65,624420,318857970.7,22815
BSE,EQ,29-Jul-20,506.85,506.05,516.4,504,507.7,508.25,510.53,259747,132609296.4,7142
BSE,EQ,30-Jul-20,508.25,508.5,514,501,504.45,503.2,508.49,265266,134886220.6,6322
BSE,EQ,31-Jul-20,503.2,505,522,499,515.15,514.95,512.39,417081,213709731.2,11088
BSE,EQ,03-Aug-20,514.95,517.95,521.95,507.75,512,511.4,515.69,303263,156389202.4,8804
BSE,EQ,04-Aug-20,511.4,514,515.1,492.65,502.45,502.2,500.99,369287,185008769.8,9901
BSE,EQ,05-Aug-20,502.2,502.2,508.95,497,497.95,498.85,502.26,193623,97249351.75,5854
BSE,EQ,06-Aug-20,498.85,500.1,504,495,497.65,497.25,498.93,171887,85759613.65,4676
BSE,EQ,07-Aug-20,497.25,500,501,492,493,493.35,494.51,193921,95895719.45,6822
BSE,EQ,10-Aug-20,493.35,493.5,503,493.5,496,496.85,497.37,172015,85554956.75,4883
BSE,EQ,11-Aug-20,496.85,500.7,510.8,497,503.7,504,503.79,307396,154864528.1,7040
BSE,EQ,12-Aug-20,504,503.7,507.45,498.1,501,501.7,502.07,95014,47703760.95,5080
BSE,EQ,13-Aug-20,501.7,504,505.7,493,494.2,495,497.46,195706,97356741.2,7543
BSE,EQ,14-Aug-20,495,496,498.9,488.15,489,489.85,493.95,168763,83360833.55,7966
BSE,EQ,17-Aug-20,489.85,493,493.95,481.55,486.6,488.05,486.37,180958,88012882.8,8611
BSE,EQ,18-Aug-20,488.05,486,493.3,486,488,488.7,490.19,103100,50538739.35,5891
BSE,EQ,19-Aug-20,488.7,490.05,492.5,488.45,489.5,489.8,489.98,102359,50153435.5,3192
BSE,EQ,20-Aug-20,489.8,487,495.35,484,489.75,489.95,491.04,118054,57969254.95,5344
BSE,EQ,21-Aug-20,489.95,492.1,494.7,490,490,490.5,492.4,139857,68866184.5,5820
BSE,EQ,24-Aug-20,490.5,494.65,500.95,490.1,491.95,491.65,494.52,248711,122992056.4,9844
BSE,EQ,25-Aug-20,491.65,496.95,497.8,491.5,495,493.3,494.52,145688,72044944.1,3831
BSE,EQ,26-Aug-20,493.3,493.3,495.7,485.65,491.6,490.85,490.13,194912,95532010,6891
BSE,EQ,27-Aug-20,490.85,487.15,519.9,487.15,515.05,514.65,512.82,997562,511566467.3,25618
BSE,EQ,28-Aug-20,514.65,515,525.7,511,518.5,520.65,520.03,572791,297866881.8,14894
BSE,EQ,31-Aug-20,520.65,525,528.7,491.65,497.5,498.25,507.91,456551,231885198.7,14749
BSE,EQ,01-Sep-20,498.25,499.1,507,491.8,503.35,504.1,498.58,120771,60214484.65,6167
BSE,EQ,02-Sep-20,504.1,507.4,548,502.35,542,541.05,534.85,2398454,1282805535,60708
BSE,EQ,03-Sep-20,541.05,550,563.95,542,543.95,545.8,552.56,1432960,791798782.3,36378
BSE,EQ,04-Sep-20,545.8,530,545,522.2,524.55,524.5,533.45,581190,310033296.7,17145
BSE,EQ,07-Sep-20,524.5,525,540,510.8,535,534.3,524.15,465855,244179830.8,17850
BSE,EQ,08-Sep-20,534.3,536.25,539.25,510.1,511.8,514.15,525.91,248745,130816321.2,8487
BSE,EQ,09-Sep-20,514.15,524,544.95,522,531.5,530.25,532.96,1041048,554835140.6,27143
BSE,EQ,10-Sep-20,530.25,537.4,544.1,530,531,534.1,537.88,479455,257891620.8,14436
BSE,EQ,11-Sep-20,534.1,537,538.8,525.25,529.7,529.85,532.02,162508,86457938.7,6344
BSE,BL,14-Sep-20,806,549,549,549,549,549,549,1200000,658800000,1
BSE,EQ,14-Sep-20,529.85,531,558.4,531,552.5,553.85,549.57,970720,533482097.8,24681
BSE,EQ,15-Sep-20,553.85,564,598,551,587.7,585.6,574.49,3359783,1930158370,53057
BSE,EQ,16-Sep-20,585.6,597.4,608,583.7,592,591.7,594.88,1423967,847082930.4,34293
BSE,EQ,17-Sep-20,591.7,586.5,591,574.5,576,577.6,580.09,407471,236371770.2,13970
BSE,EQ,18-Sep-20,577.6,580,584.4,565.25,566.1,567.9,574.54,314990,180975345.3,9637
BSE,EQ,21-Sep-20,567.9,569,576.95,533,534.6,536.7,551.31,326857,180199725.3,12051
BSE,EQ,22-Sep-20,536.7,536,549.6,510.05,546.05,542.25,532.6,543123,289268161.4,17392
BSE,EQ,23-Sep-20,542.25,549,554,526.1,538.4,538.4,539.6,495535,267391158.6,15379
BSE,EQ,24-Sep-20,538.4,531.35,537.8,518,521.9,520.7,526.09,327300,172189421.2,11685
BSE,EQ,25-Sep-20,520.7,529.6,541.3,521.65,538.5,537.9,532.83,245757,130946978.7,9528
BSE,EQ,28-Sep-20,537.9,542,558,537.95,548.9,549.2,549.45,500796,275164094.7,14672
BSE,EQ,29-Sep-20,549.2,553,554,536.25,540.55,541.85,544.5,263064,143237317.3,8515
BSE,EQ,30-Sep-20,541.85,544.9,556,540.25,543.5,545.75,548.01,264764,145094635.2,7254
BSE,EQ,01-Oct-20,545.75,549.9,553.25,540,541.25,542.2,547.74,181571,99453956.6,7455
BSE,EQ,05-Oct-20,542.2,544.45,548,533.3,543,542.1,540.64,140361,75884925.6,5719
BSE,EQ,06-Oct-20,542.1,541,555.95,540.9,549.4,550.55,549.42,231735,127320713.9,8361
BSE,EQ,07-Oct-20,550.55,550,551.9,538,539,539.35,544.21,131081,71334947.45,5013
BSE,EQ,08-Oct-20,539.35,543.25,546.95,521,523,523.1,529.95,225604,119558719,8436
BSE,EQ,09-Oct-20,523.1,522.1,531.1,520.1,523,527.1,527.84,142188,75052746,5620
BSE,EQ,12-Oct-20,527.1,527.1,532.5,516.45,527,527.35,524.01,164170,86027176.55,8781
BSE,EQ,13-Oct-20,527.35,525.1,528.3,520.05,522.5,522.9,522.59,105942,55364175.45,7141
BSE,EQ,14-Oct-20,522.9,522.9,529.6,517.95,519.5,524.4,525.2,177677,93315965.45,7012
BSE,EQ,15-Oct-20,524.4,524.2,528,518.85,521.55,521.2,522.16,165784,86566018.75,5441
BSE,EQ,16-Oct-20,521.2,522,527.9,520,524.95,524.95,524.19,211730,110987625.6,7489
BSE,EQ,19-Oct-20,524.95,530,532.5,508,516.4,518.2,519.18,260037,135006125.9,9663
BSE,EQ,20-Oct-20,518.2,519,522.55,513.55,514,516.95,518.26,89701,46488884.3,3448
BSE,EQ,21-Oct-20,516.95,518,524.4,508.75,510.95,511.2,518.01,269938,139829955,8037
BSE,EQ,22-Oct-20,511.2,510,520.15,510,514.9,515.8,515.56,103325,53270093.7,3956
BSE,EQ,23-Oct-20,515.8,518,525.15,516,524.8,523.9,522.31,213353,111436245.1,7670
BSE,EQ,26-Oct-20,523.9,526,528.6,509.5,511.55,511,515.73,172011,88710709.4,9565
BSE,EQ,27-Oct-20,511,512,514.95,505,506.55,507.35,507.91,174062,88407692.25,6979
BSE,EQ,28-Oct-20,507.35,511,511,504.2,508,506.8,507.43,114624,58163404.8,4838
BSE,EQ,29-Oct-20,506.8,505,507.25,497.55,498,501.4,501.97,141623,71090560.15,5351
BSE,EQ,30-Oct-20,501.4,503,508.35,491,493.15,493.35,499.02,209804,104696395.7,7033
BSE,EQ,02-Nov-20,493.35,495,500,475,479,481.25,485.5,289820,140708741.7,11294
BSE,EQ,03-Nov-20,481.25,485,497.7,473.05,478.5,478.2,488.33,338933,165510950.4,10749
BSE,EQ,04-Nov-20,478.2,478,492,466,470.25,472.7,474.55,584792,277511254.9,12703
BSE,EQ,05-Nov-20,472.7,478,496,475.25,494,492.5,487.48,320673,156321578.4,10614
BSE,EQ,06-Nov-20,492.5,495,505,493.05,500,501.55,499,156345,78016733.1,5203
BSE,EQ,09-Nov-20,501.55,505.9,505.9,497,498.35,499.05,500.03,121256,60631586.35,4678
BSE,EQ,10-Nov-20,499.05,505,505,491.65,495.5,497.2,496.8,143798,71439544.8,7996
BSE,EQ,11-Nov-20,497.2,497.2,500,489,492,493.05,493.84,127003,62718998.6,7191
BSE,EQ,12-Nov-20,493.05,494.5,501.95,490.6,495.9,496.15,495.71,135274,67056316.4,5306
BSE,EQ,13-Nov-20,496.15,497.2,509.8,493.65,505.6,507.1,501.17,220562,110538753.1,7147
BSE,EQ,14-Nov-20,507.1,510,546,505.3,523,523.65,527.14,455660,240197481.5,14203
BSE,EQ,17-Nov-20,523.65,528,537.5,515,531,532.7,529.58,453828,240336836.3,12267
BSE,EQ,18-Nov-20,532.7,534,534,520.6,522,522.15,524.77,128445,67403752.75,4989
BSE,EQ,19-Nov-20,522.15,522.8,542,520.15,521.5,522.05,530.78,453378,240644141.9,12076
BSE,EQ,20-Nov-20,522.05,520,560,520,558.45,554.8,545.42,1519075,828535813.1,31265
BSE,EQ,23-Nov-20,554.8,565,588,565,567.9,571.9,577.36,1249928,721655890.1,44115
BSE,EQ,24-Nov-20,571.9,574,574,556,559.5,559.6,562.57,323532,182009708.2,11369
BSE,EQ,25-Nov-20,559.6,565,569.6,551.1,555,554.35,558.8,254657,142302683.2,9638
BSE,EQ,26-Nov-20,554.35,550,558,549.15,551.55,550.65,552.04,149566,82565833.45,5267
BSE,EQ,27-Nov-20,550.65,555,564.95,550.5,552.55,553.4,556.39,217023,120748582.1,7364
BSE,EQ,01-Dec-20,553.4,554,562,544.55,549,548.45,550.92,254148,140014192.1,9580
BSE,EQ,02-Dec-20,548.45,550,557.25,547.1,549.45,549.9,551.85,135670,74869298.15,4861
BSE,EQ,03-Dec-20,549.9,553.9,561.95,550.25,557.5,557.3,558.67,471071,263174729,12818
BSE,EQ,04-Dec-20,557.3,560,572,555.05,570,569.1,564.7,828244,467713204,21993
BSE,EQ,07-Dec-20,569.1,570.8,579.9,559.85,568,566.1,570.58,344395,196505541.6,10256
BSE,EQ,08-Dec-20,566.1,569.95,569.95,558.5,564,561.95,563.76,181735,102455743.4,6621
BSE,EQ,09-Dec-20,561.95,563.8,633.6,559.15,625,621.45,606.14,3568447,2162994281,88446
BSE,EQ,10-Dec-20,621.45,630,649.4,608,626.95,631.25,633.82,3458911,2192333486,96181
BSE,EQ,11-Dec-20,631.25,633.95,638.95,600,610,608.95,620.65,1167530,724624568,33460
BSE,EQ,14-Dec-20,608.95,616.15,628,611,623,623.85,620.79,779907,484161624.1,20766
BSE,EQ,15-Dec-20,623.85,622.8,634.5,612.2,626,627.2,624.23,693072,432633637,19809
BSE,EQ,16-Dec-20,627.2,629.9,634.95,619,622.5,624.15,626.95,430519,269915327.3,13677
BSE,EQ,17-Dec-20,624.15,623.5,626.65,605.5,611,610.9,615.61,459789,283051643.1,16055
BSE,EQ,18-Dec-20,610.9,613.5,624.9,606,612.95,613.15,614.41,479703,294735485.9,13572
BSE,EQ,21-Dec-20,613.15,611.1,643.8,571,590,592.55,621.97,2092523,1301482681,69267
BSE,EQ,22-Dec-20,592.55,596,608.9,576.9,607.95,604.35,596.18,688388,410404903.5,24724
BSE,EQ,23-Dec-20,604.35,607.4,619.3,604.8,614.6,615.85,613.36,427281,262076542.2,13539
BSE,EQ,24-Dec-20,615.85,620,626.85,613.3,615,616.15,619.95,381973,236802614.1,12136
BSE,EQ,28-Dec-20,616.15,618.5,627.8,616.3,616.95,617.7,621.33,283286,176014638.2,8012
BSE,EQ,29-Dec-20,617.7,618.1,624.3,612.05,614.4,614.55,617.25,259853,160395293.2,7853
BSE,EQ,30-Dec-20,614.55,617,617.95,606.55,608.4,609.2,611.45,218172,133402136.6,7597
BSE,EQ,31-Dec-20,609.2,610.6,622.5,606.65,620,619.2,617.04,483037,298052620.5,12017
BSE,EQ,01-Jan-21,619.2,620.9,643,620.9,633.35,633.75,635.18,1249761,793822351.5,34862
BSE,EQ,04-Jan-21,633.75,650,658,641.95,647.5,647.15,649.5,978665,635644319.1,25232
BSE,EQ,05-Jan-21,647.15,645,647.7,635.15,640.5,640.45,641.08,433193,277710491.8,12554
BSE,EQ,06-Jan-21,640.45,641,650,631.2,642,639.9,641.67,499879,320755448.7,13409
BSE,EQ,07-Jan-21,639.9,645,652.95,639,643.95,642.7,647.56,817132,529145728.3,19426
BSE,EQ,08-Jan-21,642.7,646,653,640.15,643,643.9,648.1,610601,395728693.4,18736
BSE,EQ,11-Jan-21,643.9,647,648.4,626.5,633,632.5,634.68,342870,217614278,12169
BSE,EQ,12-Jan-21,632.5,634,643.95,629.9,634.95,636,637.17,266117,169561017.5,9443
BSE,EQ,13-Jan-21,636,637.2,640,624,628.05,629.1,630.83,275975,174092212.2,9215
BSE,EQ,14-Jan-21,629.1,630,633,624,631,629.75,628.68,176699,111087281.9,6373
BSE,EQ,15-Jan-21,629.75,630.1,633,617.85,622,622.2,625.69,209948,131361807.4,9106
BSE,EQ,18-Jan-21,622.2,621.6,622.95,608.3,611.2,612.95,614.55,210797,129544822.7,9200
BSE,EQ,19-Jan-21,612.95,616,621.5,613.6,621.5,618.5,618.28,126288,78081650.2,5014
BSE,EQ,20-Jan-21,618.5,620,620,614.85,615,615.9,617.58,142350,87911816.75,6389
BSE,EQ,21-Jan-21,615.9,621,626,604.55,610.95,609.35,617.43,363608,224503024.6,15514
BSE,EQ,22-Jan-21,609.35,609.35,616.2,597,600.95,601.05,603.82,276771,167119496.4,16153
BSE,EQ,25-Jan-21,601.05,605,609.35,586.35,593.9,596.1,597.55,183468,109630740.1,9085
BSE,EQ,27-Jan-21,596.1,596.6,596.6,580,584,582.8,586,259742,152207984.8,10866
BSE,EQ,28-Jan-21,582.8,580,600.45,576.2,592,595.35,589.85,232881,137365967.8,9180
BSE,EQ,29-Jan-21,595.35,592.6,600.85,582.6,588,588.15,594.03,143301,85124796.1,5628
BSE,EQ,01-Feb-21,588.15,598.95,606,585,603,600.05,597.41,223020,133234231,7626
BSE,EQ,02-Feb-21,600.05,609.5,623.65,601.25,607.95,608.25,610.2,337177,205746815,9711
BSE,EQ,03-Feb-21,608.25,608.25,622.45,603.1,622,619.65,615.02,528240,324880133.2,11992
BSE,EQ,04-Feb-21,619.65,630,631,611.2,614,614.15,621.26,641325,398427099.4,15176
BSE,EQ,05-Feb-21,614.15,618,619.05,607.1,609.8,610.15,612.34,272826,167061413.9,8153
BSE,EQ,08-Feb-21,610.15,611,619.9,605,610.95,608.2,611.77,273177,167121528.4,8326
BSE,EQ,09-Feb-21,608.2,610.85,622,603,604.9,605,612.27,413323,253066319.1,9737
BSE,EQ,10-Feb-21,605,608.2,608.65,596.5,600.4,599.85,602.64,225950,136166435,8324
BSE,EQ,11-Feb-21,599.85,599,605.6,598,603.6,602.6,602.08,250489,150813963.5,8567
BSE,EQ,12-Feb-21,602.6,603.6,611.9,594,595.8,595.7,602.1,385081,231858560.1,12627
BSE,EQ,15-Feb-21,595.7,598,624.5,598,607.65,608.35,615.39,1108808,682343979.2,30732
BSE,EQ,16-Feb-21,608.35,611.9,616.4,571.6,597,596.45,597.46,661120,394993166.3,26094
BSE,EQ,17-Feb-21,596.45,597,603,585,589.15,589.05,591.98,355248,210300937.2,11557
BSE,EQ,18-Feb-21,589.05,594,594,584.25,585,586.05,587.32,300620,176558844.3,15467
BSE,EQ,19-Feb-21,586.05,586,601,582.1,592.6,588,591.65,443260,262254235.5,11916
BSE,EQ,22-Feb-21,588,586,593.9,573,574,575.25,583.19,374390,218341926.7,12378
BSE,EQ,23-Feb-21,575.25,580,583.25,571,572,572.15,574.71,409784,235508214.5,14758
BSE,EQ,24-Feb-21,572.15,575,599,575,580.15,580.05,583.7,290103,169334208.4,9150
BSE,EQ,25-Feb-21,580.05,590,592.05,580.1,581,581.5,583.94,288713,168590025.1,5983
BSE,EQ,26-Feb-21,581.5,573,590,572.35,581.95,581.5,579.24,527580,305597776.5,15155
BSE,EQ,01-Mar-21,581.5,585,587.5,576.1,577.6,577.15,579.71,297967,172735707.2,8485
BSE,EQ,02-Mar-21,577.15,582.35,593,582.35,587,587,587.29,380127,223246551.5,16939
BSE,EQ,03-Mar-21,587,591,596,585.9,593.5,593.45,591.37,336165,198797945.3,14414
BSE,EQ,04-Mar-21,593.45,590,608.75,584.7,598.95,599.15,598.05,489534,292768000,16107
BSE,EQ,05-Mar-21,599.15,596.1,601.15,583,585.85,585,589.93,344798,203406194.3,13536
BSE,EQ,08-Mar-21,585,589,590.2,578,583,581,582.9,244347,142429004.7,8785
BSE,EQ,09-Mar-21,581,585,591.65,583,586.1,586.8,587.09,230268,135187144.8,10824
BSE,EQ,10-Mar-21,586.8,590,593,585,586.4,586.55,588,141222,83038781.5,4785
BSE,EQ,12-Mar-21,586.55,589,591.7,581.9,581.9,584.95,587.58,243509,143081956.6,8732
BSE,EQ,15-Mar-21,584.95,586.5,587.9,571,573,574.35,575.74,272130,156676379.2,8358
BSE,EQ,16-Mar-21,574.35,578.8,578.95,570,570.95,571.15,573.77,340450,195340420.7,8824
BSE,EQ,17-Mar-21,571.15,574.4,576.45,567.5,571.3,572.05,571.41,300266,171575197.1,6607
BSE,EQ,18-Mar-21,572.05,577,578,566.2,571,571,572.14,235637,134816546.8,6151
BSE,EQ,19-Mar-21,571,571,574.7,552.95,565.05,566.65,563.59,245929,138603299.4,9614
BSE,EQ,22-Mar-21,566.65,571.7,572,562.4,567.95,568.55,567.83,153531,87179729.8,4678
BSE,EQ,23-Mar-21,568.55,570,572,563.5,563.55,565.6,567.99,182399,103601533.1,5764
BSE,EQ,24-Mar-21,565.6,563.6,565.3,558,560.5,559.3,561.29,252554,141755771.4,6821
BSE,EQ,25-Mar-21,559.3,559.3,562.15,535.5,536.4,540,544.53,376573,205055690.8,14648
BSE,EQ,26-Mar-21,540,542,554.8,542,552.5,552.9,548.74,309273,169710356.7,9238
BSE,EQ,30-Mar-21,552.9,554,575.75,552.35,564.8,566.15,561.6,405295,227612988.5,16995
BSE,EQ,31-Mar-21,566.15,568,576.15,562.2,568.1,571.1,569.38,248142,141287736.9,9597
BSE,EQ,01-Apr-21,571.1,572,587.95,568,583,583.55,579.35,207585,120263734.9,6345
BSE,EQ,05-Apr-21,583.55,583,583,559.3,563.8,564,565.56,253508,143375126.2,8605
BSE,EQ,06-Apr-21,564,564.3,597,561.05,584.8,586.05,586.73,820791,481580131.5,26276
BSE,EQ,07-Apr-21,586.05,586.05,621.95,583.05,604,606.45,607.52,1446971,879060596.1,42050
BSE,EQ,08-Apr-21,606.45,607,614,601.6,603,604.3,607.86,467169,283971139.3,14326
BSE,EQ,09-Apr-21,604.3,604.3,614.5,597,609.95,609.65,604.45,283454,171334871,8809
BSE,EQ,12-Apr-21,609.65,595.6,595.65,570.5,573,575.3,579.58,396440,229769273.3,16939
BSE,EQ,13-Apr-21,575.3,579.85,581.65,563.3,571.5,572.2,574.31,262149,150554628.3,7497
BSE,EQ,15-Apr-21,572.2,568,603,568,590.9,591.5,584.74,246573,144181664.4,9605
BSE,EQ,16-Apr-21,591.5,591.3,602.7,587.25,588.5,590.8,596.76,312711,186613261.4,9199
BSE,EQ,19-Apr-21,590.8,570,578.35,565,569.2,572.7,571.74,270591,154707603.8,8923
BSE,EQ,20-Apr-21,572.7,578,598.9,577,590.55,591.65,590.83,418387,247197446.2,14218
BSE,EQ,22-Apr-21,591.65,590.55,609.8,583.7,599,600.85,601.79,462307,278210155,14419
BSE,EQ,23-Apr-21,600.85,600,607.5,595,596,598.45,601.81,203930,122728106.7,10624
BSE,EQ,26-Apr-21,598.45,600.1,606.9,595.1,596,600.1,601.36,175460,105515093.8,4971
BSE,EQ,27-Apr-21,600.1,600.05,622,598.2,615.5,617.9,615.34,764990,470726506.6,20314
BSE,EQ,28-Apr-21,617.9,619,624.25,614,614.9,618.6,620.5,471858,292788160.1,11933
BSE,EQ,29-Apr-21,618.6,619.05,624.9,602.25,604.5,605.4,612.17,195071,119417100.9,6866
BSE,EQ,30-Apr-21,605.4,602,613.5,594.95,600,600.65,604.18,209734,126717113,6457
BSE,EQ,03-May-21,600.65,596,622,594,615,617.65,614.19,388720,238748249.7,12559
BSE,EQ,04-May-21,617.65,625.1,641.75,615.5,621,620.95,630.1,1206428,760174256.6,31720
BSE,EQ,05-May-21,620.95,629.85,630,619,625,625.9,624.79,240502,150262194.4,7018
BSE,EQ,06-May-21,625.9,626,693,623.1,687,683,667.94,3564501,2380881257,99287
BSE,EQ,07-May-21,683,690.5,723.95,690,698,701.9,707.38,2627289,1858490121,65648
BSE,EQ,10-May-21,701.9,710.2,716.6,695,698,698.6,704.82,513413,361862514.5,17834
BSE,EQ,11-May-21,698.6,685,716,682.1,707,706.7,701.59,675239,473737614.3,29109
BSE,EQ,12-May-21,706.7,710,749.45,709,735.25,735.8,736.07,1910024,1405909497,54925
BSE,EQ,14-May-21,735.8,743.7,770,723.05,755,752.25,748.44,1823697,1364932740,54011
BSE,EQ,17-May-21,752.25,757.3,768.7,741.2,751.95,749.5,754.19,785302,592269440.1,22915
BSE,EQ,18-May-21,749.5,752,777.5,746.15,756.5,756.7,763.37,889776,679231699.3,25856
BSE,EQ,19-May-21,756.7,756,766,746.3,756.5,757.6,757.7,533934,404562774.4,14820
BSE,EQ,20-May-21,757.6,758.35,763.3,747.1,751,751.45,753.2,376102,283278710.4,10748
BSE,EQ,21-May-21,751.45,756.7,772.95,744,746.5,747.1,758.3,473065,358724688.5,14274
BSE,EQ,24-May-21,747.1,753.1,794,746.5,788.1,787.75,777.53,1454691,1131065303,36006
BSE,EQ,25-May-21,787.75,794.95,803.5,784.7,801.9,799.05,796.22,1360779,1083475725,32355
BSE,EQ,26-May-21,799.05,821,942.3,820,924.25,911.35,879.82,8568978,7539189583,220332
BSE,EQ,27-May-21,911.35,930.3,948,893,913,910.6,917.97,4162524,3821063848,119960
BSE,EQ,28-May-21,910.6,921,949,910,938,936.75,928.16,2434619,2259726379,64288
BSE,EQ,31-May-21,936.75,937,977.8,925.25,957,962.2,959.2,2695609,2585616825,78436
BSE,EQ,01-Jun-21,962.2,965.9,968.9,917.55,935,932.7,937.38,1282670,1202346392,43962
BSE,EQ,02-Jun-21,932.7,931.45,939.5,916,919.45,920.2,923.14,728092,672133003.8,25726
BSE,EQ,03-Jun-21,920.2,924,946,920.75,926,930.65,930.57,620461,577382524.4,19701
BSE,EQ,04-Jun-21,930.65,931,947.45,921.3,927.2,928.95,932.34,603089,562285914.1,18671
BSE,EQ,07-Jun-21,928.95,932,944,921,930.8,931.5,932.04,535334,498954360.2,17092
BSE,EQ,08-Jun-21,931.5,928.1,937.95,918.05,924,925.05,926,442840,410069728.9,14669
BSE,EQ,09-Jun-21,925.05,929.9,929.9,895.1,912,911.6,915.6,568701,520700298.1,21527
BSE,EQ,10-Jun-21,911.6,917.05,953.7,912,933,933.15,936.39,1250865,1171299740,35096
BSE,EQ,11-Jun-21,933.15,940,947.75,922,927,924.25,931.86,464113,432490562.9,15649
BSE,EQ,14-Jun-21,924.25,928.9,941,896.15,930,930.6,922.36,593876,547768575.5,20567
BSE,EQ,15-Jun-21,930.6,934.9,958.4,925.4,945.5,945.15,946.81,1596003,1511110054,46050
BSE,EQ,16-Jun-21,945.15,945.15,949.7,926.2,930,928.9,934.27,469870,438983762,19954
BSE,EQ,17-Jun-21,928.9,925,931,904.25,912,907.85,917.28,547529,502238522.6,21792
BSE,EQ,18-Jun-21,907.85,916.05,925,856.9,903,895.7,892.23,735199,655968626.8,35885
BSE,EQ,21-Jun-21,895.7,880,909.9,873.35,898,899.25,894.2,450059,402443234.7,18530
BSE,EQ,22-Jun-21,899.25,908.9,916.9,885,893,893.15,901.95,373690,337051207.2,16312
BSE,EQ,23-Jun-21,893.15,899,904.15,884.4,891.9,889.35,896.52,217102,194637340.7,10118
BSE,EQ,24-Jun-21,889.35,896.5,897,877.8,881,880.75,886.79,215136,190780376.1,10199
BSE,EQ,25-Jun-21,880.75,886.9,918,880,904,907.75,899.67,476549,428734697.3,19037
BSE,EQ,28-Jun-21,907.75,914,929.4,903.3,921.7,923.75,920.44,846331,778992887.3,26184
BSE,EQ,29-Jun-21,923.75,927.9,934,910,916.5,914.55,919.22,409625,376536748.1,14843
BSE,EQ,30-Jun-21,914.55,917,919.4,897.05,901.8,900.5,907.67,255873,232248969,12304
BSE,EQ,01-Jul-21,900.5,905.45,906.95,889,895,893.3,897.97,296282,266052408.9,12990
BSE,EQ,02-Jul-21,893.3,894,968,894,956,958.1,944.57,2953758,2790035730,66918
BSE,EQ,05-Jul-21,958.1,969.9,1005.9,965,978,975.25,985.75,2451060,2416132639,69027
BSE,EQ,06-Jul-21,975.25,977.95,986,949.35,960.45,960.8,970.61,748833,726821455.7,26635
BSE,EQ,07-Jul-21,960.8,964.5,968.35,950.1,962,958.55,957.6,507440,485924467,21150
BSE,EQ,08-Jul-21,958.55,960,1008,958.55,974.95,973.15,983.36,1575110,1548893647,51836
BSE,EQ,09-Jul-21,973.15,978.85,989,971.6,974,977.85,979.7,583436,571589943,22209
BSE,EQ,12-Jul-21,977.85,985.5,1012.8,974.15,994,996.25,998.53,1765495,1762903265,48834
BSE,EQ,13-Jul-21,996.25,1003.9,1115,993,1091,1103.05,1068.85,8787991,9393014990,227465
BSE,EQ,14-Jul-21,1103.05,1089.05,1127,1076,1089,1091.25,1104.65,4322443,4774774427,123298
BSE,EQ,15-Jul-21,1091.25,1093.5,1170,1092.3,1147,1152.65,1143.41,5256375,6010212966,156446
BSE,EQ,16-Jul-21,1152.65,1160.95,1210,1158,1190,1191.65,1189.03,4640649,5517851305,149083
BSE,EQ,19-Jul-21,1191.65,1184.8,1406,1173.25,1332.15,1328.45,1318.05,12170664,16041571365,406226
BSE,EQ,20-Jul-21,1328.45,1355,1410,1306.6,1320,1332.8,1356.54,6596095,8947852300,234944
BSE,EQ,22-Jul-21,1332.8,1339.95,1353.6,1235.55,1245.25,1245.5,1270.99,1971410,2505647005,103537
BSE,EQ,23-Jul-21,1245.5,1245.25,1255.5,1159.05,1165,1164.85,1187.21,1761607,2091395287,82039
BSE,EQ,26-Jul-21,1164.85,1166.1,1277,1130,1258,1259.2,1230.23,2661678,3274479450,109213
BSE,EQ,27-Jul-21,1259.2,1261,1287.85,1210,1239,1243.1,1255.89,1307522,1642101744,60031
BSE,EQ,28-Jul-21,1243.1,1247.1,1247.1,1195.1,1221,1223.95,1218.63,566296,690104317.5,32011
BSE,EQ,29-Jul-21,1223.95,1230,1268,1211,1241,1240.1,1246.16,692790,863326083.8,32025
BSE,EQ,30-Jul-21,1240.1,1242.8,1271,1238.55,1249.8,1248.8,1256.8,592399,744528985.3,28377
BSE,EQ,02-Aug-21,1248.8,1265.9,1286,1257.8,1278,1277.4,1275.59,704082,898120100.9,33936
BSE,EQ,03-Aug-21,1277.4,1283.5,1293.35,1261,1265,1264.35,1269.54,366709,465551611.3,18097
BSE,EQ,04-Aug-21,1264.35,1278.35,1278.35,1238.3,1248,1244.4,1255.89,367494,461531520.4,19722
BSE,EQ,05-Aug-21,1244.4,1248,1259.4,1200,1232,1229.85,1226.29,514907,631426599.9,28407
BSE,EQ,06-Aug-21,1229.85,1234.5,1241.55,1214.5,1220.3,1217.55,1226,231176,283420658.5,14842
BSE,EQ,09-Aug-21,1217.55,1228,1228,1191.1,1193,1194.2,1203.41,339569,408641366.4,19698
BSE,EQ,10-Aug-21,1194.2,1195,1203.7,1110,1138,1140.3,1154.57,582093,672066323.1,41357
BSE,EQ,11-Aug-21,1140.3,1140,1143.9,1071.1,1124.95,1119.5,1099.04,836948,919843198.6,50698
BSE,EQ,12-Aug-21,1119.5,1126.5,1168.7,1121.45,1153,1151.6,1151.2,522796,601842472.4,24655
BSE,EQ,13-Aug-21,1151.6,1130,1155,1130,1143,1139.65,1140.88,228293,260456016.7,14218
BSE,EQ,16-Aug-21,1139.65,1141.9,1141.9,1111.1,1114.95,1117.1,1121.32,206905,232006009.2,13484
BSE,EQ,17-Aug-21,1117.1,1116.9,1117.1,1089.6,1092.5,1093.95,1099.05,265566,291869644.8,17164
BSE,EQ,18-Aug-21,1093.95,1084,1175,1084,1133,1133.8,1146.24,776394,889932552.4,40173
BSE,EQ,20-Aug-21,1133.8,1124,1149,1105.1,1105.95,1110.4,1128.59,414839,468184850.2,24449
BSE,EQ,23-Aug-21,1110.4,1120.55,1132.6,1033.1,1038.9,1039.7,1068.94,523736,559844615.2,34858
BSE,EQ,24-Aug-21,1039.7,1045,1079.35,1023.25,1068,1070.25,1052.85,616670,649258499.6,30669
BSE,EQ,25-Aug-21,1070.25,1071.8,1092,1065,1082,1077.7,1076.98,359940,387648702.6,19359
BSE,EQ,26-Aug-21,1077.7,1082,1113.85,1067.05,1102,1101.6,1097.93,478402,525254226.2,25818
BSE,EQ,27-Aug-21,1101.6,1107.9,1125,1091.45,1092,1098.9,1109.26,309755,343597915.6,16973
BSE,EQ,30-Aug-21,1098.9,1100,1210,1099,1197,1197.25,1172.04,1536730,1801112575,60626
BSE,EQ,31-Aug-21,1197.25,1203.8,1218.5,1182.35,1193.15,1198.4,1201.14,701395,842472565.1,34795
BSE,EQ,01-Sep-21,1198.4,1201,1210,1175.95,1194.9,1192.65,1199.59,547013,656189800.4,25065
BSE,EQ,02-Sep-21,1192.65,1192,1207,1180,1182,1183.15,1193,328101,391423071.8,17019
BSE,EQ,03-Sep-21,1183.15,1187,1234.7,1180,1182,1184.2,1205.15,945381,1139328847,41646
BSE,EQ,06-Sep-21,1184.2,1191.9,1194,1165,1169,1167.9,1176.38,396988,467009385.7,22954
BSE,EQ,07-Sep-21,1167.9,1171,1174.8,1135.65,1151,1150.45,1153.23,304832,351539891.8,19936
BSE,EQ,08-Sep-21,1150.45,1160,1198.3,1160,1191.6,1189.2,1183.02,737005,871893757.9,36397
BSE,EQ,09-Sep-21,1189.2,1190,1275,1187.15,1240,1241.6,1245.39,2555004,3181986903,97295
BSE,EQ,13-Sep-21,1241.6,1244,1258,1220.1,1228.6,1228.05,1236.26,796696,984921819.5,38960
BSE,EQ,14-Sep-21,1228.05,1235.55,1255,1221.2,1225,1229.65,1237.34,597649,739493530.2,29506
BSE,EQ,15-Sep-21,1229.65,1230,1247.25,1211,1227.5,1227.55,1227.68,528367,648666345.2,29652
BSE,EQ,16-Sep-21,1227.55,1229,1247,1214,1230.3,1231,1229.67,611998,752556172.3,28442
BSE,EQ,17-Sep-21,1231,1237,1239,1182.8,1192.05,1189.3,1204.95,569331,686014021,29122
BSE,EQ,20-Sep-21,1189.3,1168,1204,1155,1158,1157.85,1176.48,335936,395222742.9,21566
BSE,EQ,21-Sep-21,1157.85,1152,1175,1132.3,1168,1166.65,1153.68,335127,386628848.1,21996
BSE,EQ,22-Sep-21,1166.65,1182,1191,1162.6,1171,1170.2,1176.89,223906,263513220,13472
BSE,EQ,23-Sep-21,1170.2,1175,1200,1172,1183,1182.85,1184.79,279381,331008742.1,15365
BSE,EQ,24-Sep-21,1182.85,1191,1192.7,1163,1170.05,1171.4,1177.37,223493,263134393,13448
BSE,EQ,27-Sep-21,1171.4,1181.95,1272.5,1181.95,1258.35,1257.8,1245.01,2502872,3116088329,103050
BSE,EQ,28-Sep-21,1257.8,1270,1294.9,1241.55,1267,1271.75,1270.93,1367421,1737901883,65697
BSE,EQ,29-Sep-21,1271.75,1255,1256,1230.25,1242,1241.3,1243.37,466919,580553271.3,26015
BSE,EQ,30-Sep-21,1241.3,1247.55,1252,1225,1232,1231.25,1234.41,296255,365699914,17811
BSE,EQ,01-Oct-21,1231.25,1224,1229,1208,1218,1219,1217.56,293283,357090308.1,17595
BSE,EQ,04-Oct-21,1219,1220,1253.65,1220,1237.95,1237.45,1236.2,254596,314730493.9,14374
BSE,EQ,05-Oct-21,1237.45,1234.8,1281.6,1225.05,1273.95,1263.45,1254.38,677207,849477539.3,27046
BSE,EQ,06-Oct-21,1263.45,1281,1298.4,1237.15,1247,1248.9,1272.02,799474,1016947490,39517
BSE,EQ,07-Oct-21,1248.9,1262.4,1264.55,1235,1254,1252.45,1251.47,273168,341860740.4,16111
BSE,EQ,08-Oct-21,1252.45,1261,1365,1251.9,1337,1338.45,1318.42,3158462,4164171236,129162
BSE,EQ,11-Oct-21,1338.45,1351.3,1450,1350,1426.95,1434.65,1405.8,2896864,4072401223,109651
BSE,EQ,12-Oct-21,1434.65,1424,1469.4,1412.3,1453,1457.8,1446.15,1639978,2371648256,63407
BSE,EQ,13-Oct-21,1457.8,1470,1478,1414.2,1423,1421.4,1441.8,771216,1111936776,40230
BSE,EQ,14-Oct-21,1421.4,1430,1442,1371.2,1397.8,1396.65,1407.55,713509,1004298096,39370
BSE,EQ,18-Oct-21,1396.65,1410,1436,1387.3,1404.95,1410.3,1413.34,478971,676950548.1,25593
BSE,EQ,19-Oct-21,1410.3,1421.4,1421.4,1350.25,1376.1,1371,1393.21,566406,789120240.8,32999
BSE,EQ,20-Oct-21,1371,1371,1389,1311.1,1353.15,1343.25,1350.09,556012,750668803,43151
BSE,EQ,21-Oct-21,1343.25,1353.75,1367.9,1330.5,1352.25,1347.5,1345.41,285552,384185719,20561
BSE,EQ,22-Oct-21,1347.5,1355,1394.75,1266.35,1320,1318.85,1339.45,497510,666391502.7,34793
BSE,EQ,25-Oct-21,1318.85,1330,1333.2,1261.65,1277,1278.45,1287.43,516970,665562849.6,39994
BSE,EQ,26-Oct-21,1278.45,1290,1380,1290,1371,1363.95,1335.66,710808,949400912.2,43076
BSE,EQ,27-Oct-21,1363.95,1373,1380.05,1330.5,1362,1363.35,1357.76,534153,725250850.1,36057
BSE,EQ,28-Oct-21,1363.35,1363.2,1363.2,1305,1324,1318.9,1331.59,374253,498351126.4,29112
BSE,EQ,29-Oct-21,1318.9,1310,1370,1271.25,1323,1324.15,1322.1,558320,738154674.9,44632
BSE,EQ,01-Nov-21,1324.15,1337.4,1367.7,1326.1,1348.55,1352.35,1351.36,386558,522377667.1,28117
BSE,EQ,02-Nov-21,1352.35,1359,1366.95,1341.6,1344,1348.4,1353.46,272175,368376976.4,16760
BSE,EQ,03-Nov-21,1348.4,1354.8,1376.8,1336,1350,1352.2,1355.91,533915,723941316.5,30137
BSE,EQ,04-Nov-21,1352.2,1364,1405,1362,1380.15,1382.3,1384.5,437275,605408876.5,22562
BSE,EQ,08-Nov-21,1382.3,1393.65,1405,1382,1402.15,1399.8,1394.24,416177,580249409.4,21760
BSE,EQ,09-Nov-21,1399.8,1406.8,1419,1394,1395.35,1397.35,1406.66,380501,535235484.8,25679
BSE,EQ,10-Nov-21,1397.35,1390,1443.3,1381,1428.4,1425.2,1425.1,854661,1217977515,38974
BSE,EQ,11-Nov-21,1425.2,1432,1432,1403,1420,1422.3,1419.92,360583,511998516.3,19528
BSE,EQ,12-Nov-21,1422.3,1430,1435,1410,1415,1417.35,1424.72,471828,672223023.4,23795
BSE,EQ,15-Nov-21,1417.35,1434,1525,1434,1491.7,1490.8,1495.54,2462889,3683360994,99843
BSE,EQ,16-Nov-21,1490.8,1501.9,1568,1501.9,1557.5,1558.05,1540.74,1965592,3028456460,91625
BSE,EQ,17-Nov-21,1558.05,1562.25,1587.5,1541.2,1562.25,1560.1,1566.98,1189084,1863273135,59861
BSE,EQ,18-Nov-21,1560.1,1567,1624.9,1514.6,1621,1603.4,1576.6,1805529,2846605443,84022
BSE,EQ,22-Nov-21,1603.4,1631.95,1640,1485.05,1533,1534.25,1563.74,1758025,2749085756,105884
BSE,EQ,23-Nov-21,1534.25,1520,1615,1504.85,1600,1600.15,1589.62,1354870,2153731611,83127
BSE,EQ,24-Nov-21,1600.15,1618.2,1640,1565.95,1570,1575.35,1607.34,1060326,1704305896,59551
BSE,EQ,25-Nov-21,1575.35,1578,1615,1570,1598,1599.15,1593.87,559357,891544432,36156
BSE,EQ,26-Nov-21,1599.15,1570,1583.8,1505,1524,1518.4,1541.14,823525,1269164935,56303
BSE,EQ,29-Nov-21,1518.4,1524,1578,1425.55,1529,1528.35,1513.11,1035563,1566917923,71707
BSE,EQ,30-Nov-21,1528.35,1543.8,1597,1536.4,1550.25,1559.85,1570.31,1329459,2087659241,68346
BSE,EQ,01-Dec-21,1559.85,1572,1675,1551.6,1660,1651.9,1632.34,2518229,4110599378,113531
BSE,EQ,02-Dec-21,1651.9,1674,1939,1652,1911.9,1899,1803.07,6980562,12586445459,310425
BSE,EQ,03-Dec-21,1899,1916,1947.7,1840,1871.4,1877.55,1887.28,4498343,8489620958,241867
BSE,EQ,06-Dec-21,1877.55,1889.95,1964,1825,1866,1848.35,1906.7,3398431,6479795731,177532
BSE,EQ,07-Dec-21,1848.35,1882.6,1970,1859.05,1958,1945.05,1913.92,1984392,3797967017,102165
BSE,EQ,08-Dec-21,1945.05,1979,2109,1962.95,2058,2056.95,2042.7,4545712,9285506002,209445
BSE,EQ,09-Dec-21,2056.95,2067.95,2088.9,2016,2051,2046.65,2048.87,1430995,2931920615,75546
BSE,EQ,10-Dec-21,2046.65,2028.9,2160,2027.1,2096.15,2101.85,2110.21,2863347,6042266159,125779
BSE,EQ,13-Dec-21,2101.85,2119,2188.5,2070,2111,2111.75,2129.72,2248524,4788729442,104590
BSE,EQ,14-Dec-21,2111.75,2090,2323,2085,2298,2291.3,2218.95,4243976,9417185386,167603
BSE,EQ,15-Dec-21,2291.3,2318.6,2373.7,2186.1,2238.5,2222.75,2309.08,5493201,12684227314,270762
BSE,EQ,16-Dec-21,2222.75,2222,2239.95,2088.85,2110,2108.5,2145.08,1873836,4019532588,99420
BSE,EQ,17-Dec-21,2108.5,2100,2113.65,1942.5,1967.35,1958.25,2007.84,1588653,3189763881,93203
BSE,EQ,20-Dec-21,1958.25,1900,1944.7,1805,1901.2,1910.7,1887.37,1642298,3099621196,100251
BSE,EQ,21-Dec-21,1910.7,1946.7,1968,1850,1863,1859.7,1912.24,872433,1668297714,58092
BSE,EQ,22-Dec-21,1859.7,1875,1930,1861,1894,1885.95,1897.96,652396,1238218288,40728
BSE,EQ,23-Dec-21,1885.95,1911.05,1925,1856.85,1869,1863.4,1882.82,514990,969631887.5,32506
BSE,EQ,24-Dec-21,1863.4,1871.4,1909,1833,1860.5,1860.15,1873.44,613938,1150178143,34632
BSE,EQ,27-Dec-21,1860.15,1850,1878.85,1820,1837,1835.15,1848.41,447688,827509562.1,24503
BSE,EQ,28-Dec-21,1835.15,2000,2028,1917.3,1944.8,1934,1963.02,2066814,4057203537,107675
BSE,EQ,29-Dec-21,1934,1944,1965,1942,1959.15,1953.65,1952.42,478220,933685434.3,30178
BSE,EQ,30-Dec-21,1953.65,1944.65,1953.05,1900,1913,1910.85,1915.93,714995,1369880903,44336
BSE,EQ,31-Dec-21,1910.85,1919.9,1938,1912,1914,1918.5,1921.97,338876,651308465.2,17746
BSE,EQ,03-Jan-22,1918.5,1920,1925.95,1901.6,1904,1906,1909.21,438966,838080042.6,21565
BSE,EQ,04-Jan-22,1906,1915.9,1928,1888,1910.9,1910.15,1908.84,351805,671537871,19361
BSE,EQ,05-Jan-22,1910.15,1914.8,1926.75,1892,1909,1906.6,1907.54,349262,666229696,20709
BSE,EQ,06-Jan-22,1906.6,1896.6,1947,1881.75,1929,1925.25,1920.62,615346,1181847522,28260
BSE,EQ,07-Jan-22,1925.25,1949,1985,1932,1946,1949.1,1956.76,1104762,2161749662,57334
BSE,EQ,10-Jan-22,1949.1,1970,1974.4,1929.55,1943,1943.2,1951.01,483939,944172126.3,29161
BSE,EQ,11-Jan-22,1943.2,1952.95,1998,1944.5,1957,1955.3,1961.47,688406,1350285590,34838
BSE,EQ,12-Jan-22,1955.3,1972,1979,1933.55,1943,1946.15,1952.98,396775,774892750.1,23864
BSE,EQ,13-Jan-22,1946.15,1955,2093.1,1932.5,2013,2006.6,2029.05,4152096,8424798761,193553
BSE,EQ,14-Jan-22,2006.6,2006.6,2077,1988.7,2060,2065.6,2050.17,1388448,2846550653,69993
BSE,EQ,17-Jan-22,2065.6,2072,2081.9,2041.3,2047.65,2048.4,2059.79,595861,1227350227,33168
BSE,EQ,18-Jan-22,2048.4,2057.9,2088,1991.3,2027,2020.35,2042.55,977375,1996340837,58466
BSE,EQ,19-Jan-22,2020.35,2021,2145,1996,2132,2124.9,2091.88,1935523,4048883562,116992
BSE,EQ,20-Jan-22,2124.9,2136,2184.8,2118,2155,2165.8,2156.56,1463313,3155719031,81446
BSE,EQ,21-Jan-22,2165.8,2137.85,2194.8,2037.75,2059,2059.9,2110.4,1779025,3754445830,104796
BSE,EQ,24-Jan-22,2059.9,2058,2071.65,1925,1959.7,1956.6,1979.55,1255823,2485967162,85151
BSE,EQ,25-Jan-22,1956.6,1935,2015.5,1865.7,1998,1982.7,1953.08,1125270,2197747560,68169
BSE,EQ,27-Jan-22,1982.7,1979,2024.95,1956,1985.9,1987.5,1992.45,1036024,2064223919,58941
BSE,EQ,28-Jan-22,1987.5,2005,2053.85,1955.95,1969,1971.05,2016.01,760530,1533236859,44010
BSE,EQ,31-Jan-22,1971.05,1996.6,2014.4,1946,1955.95,1953.15,1970.29,591103,1164645223,34384
BSE,EQ,01-Feb-22,1953.15,1968,2014,1932,1989,1991.95,1968.75,511523,1007061818,33778
BSE,EQ,02-Feb-22,1991.95,2001,2087.15,2000.1,2080.15,2078.05,2057.18,1068028,2197120762,55938
BSE,EQ,03-Feb-22,2078.05,2080,2219,2078.05,2198,2191.95,2169.61,2550689,5534002818,112907
BSE,EQ,04-Feb-22,2191.95,2225,2249.4,2177,2219.1,2220,2213.31,1586695,3511852009,85966
BSE,EQ,07-Feb-22,2220,2225,2225,2108.85,2130,2136.25,2151.68,1217314,2619266002,74567
BSE,EQ,08-Feb-22,2136.25,2154,2183.15,2050.1,2075,2077.5,2105.76,1215822,2560230199,74266
BSE,EQ,09-Feb-22,2077.5,2090,2289.9,2015,2238,2234.95,2199.28,5277096,11605817241,279271
BSE,EQ,10-Feb-22,2234.95,2253.9,2325,2250.05,2269,2279.1,2293,2536788,5816857440,128512
BSE,EQ,11-Feb-22,2279.1,2250,2318,2222.6,2276,2271.4,2282.96,1409962,3218885906,71170
BSE,EQ,14-Feb-22,2271.4,2240,2245.55,2120.1,2143,2144.6,2196.1,1238796,2720515495,78191
BSE,EQ,15-Feb-22,2144.6,2169,2212,2102.3,2191,2191.4,2159.81,1376443,2972861939,78730
BSE,EQ,16-Feb-22,2191.4,2190,2287.85,2188.05,2227,2238.25,2241.16,1486377,3331205612,70897
BSE,EQ,17-Feb-22,2238.25,2267,2344,2237,2279.95,2282.7,2295.17,2342340,5376068207,106761
BSE,EQ,18-Feb-22,2282.7,2294.15,2325,2250.05,2255,2262.8,2288.99,1281275,2932825984,63521
BSE,EQ,21-Feb-22,2262.8,2258,2258,2151,2158,2163.65,2193.14,1239965,2719422088,66919
BSE,EQ,22-Feb-22,2163.65,2046.55,2110,2030,2061,2064.2,2078,1121053,2329553676,66191
BSE,EQ,23-Feb-22,2064.2,2094.9,2148.25,2072,2079.1,2077.8,2107.51,852902,1797497580,47283
BSE,EQ,24-Feb-22,2077.8,1989,2010,1858.85,1878,1874.85,1930.22,2023349,3905504052,129834
BSE,EQ,25-Feb-22,1874.85,1897.1,1976,1897.1,1953.2,1952.65,1952.15,1156213,2257098353,64893
BSE,EQ,28-Feb-22,1952.65,1918,1978.4,1891.85,1970,1963.4,1954.39,983300,1921755018,51625
BSE,EQ,02-Mar-22,1963.4,1925,2028.45,1921.05,2005,2009.25,2004.89,1010227,2025395021,51890
BSE,EQ,03-Mar-22,2009.25,2055,2110,2040.05,2094,2092.45,2077.82,960094,1994898407,42830
BSE,EQ,04-Mar-22,2092.45,2067,2136,2065.15,2083.55,2085.35,2101.41,1095919,2302972144,63211
BSE,EQ,07-Mar-22,2085.35,2060,2074,2011,2059,2057.9,2050.69,833197,1708632487,44512
BSE,EQ,08-Mar-22,2057.9,2088,2138,2071.1,2126,2120.05,2108.53,763120,1609061764,38498
BSE,EQ,09-Mar-22,2120.05,2150,2219.5,2139.05,2216,2208.7,2181.68,898157,1959490369,49838
BSE,EQ,10-Mar-22,2208.7,2278,2650.4,2265,2650.4,2619.45,2472.8,7292362,18032559962,325501
BSE,EQ,11-Mar-22,2619.45,2675,2868,2658.65,2685,2691.25,2776.67,9670252,26851080216,560894
BSE,EQ,14-Mar-22,2691.25,2706,3114,2695.15,3060.3,3030.45,2915.43,7562613,22048290375,374374
BSE,EQ,15-Mar-22,3030.45,3115,3140,2813.7,2918,2938.5,2922.11,3766762,11006877200,246951
BSE,EQ,16-Mar-22,2938.5,2981.5,3045,2925,2949.95,2964.55,2980.28,1643691,4898654316,82538
BSE,EQ,17-Mar-22,2964.55,2980,3006.1,2780.55,2811,2826.6,2890.4,2534033,7324375122,83082
BSE,EQ,21-Mar-22,2826.6,900,986.25,900,940,938.05,952.72,5216834,4970202845,197778
BSE,EQ,22-Mar-22,938.05,952.2,967.55,939,955.2,955.85,951.96,2134980,2032416721,63023
BSE,EQ,23-Mar-22,955.85,966,974,943.85,946,947.6,957.83,1264269,1210954909,47134
BSE,EQ,24-Mar-22,947.6,940.7,946.8,930,932,932.55,936.21,827730,774929818.9,32319
BSE,EQ,25-Mar-22,932.55,937.3,940,881.8,886,885.95,905.39,1481856,1341664204,68016
BSE,EQ,28-Mar-22,885.95,886,924.8,869.25,886,883.1,897.5,1695039,1521296446,64866
BSE,EQ,29-Mar-22,883.1,888.45,910,886,900.9,897.85,897.77,851239,764219156.5,28939
BSE,EQ,30-Mar-22,897.85,908.7,959,900,942.8,943.95,926.73,1524571,1412869255,55094
